"id","age","sex","exercise","smoking","wt","ht","sbp","dbp","hba1c","hcy","wt2","wt3","sbp2","sbp3","dbp2","dbp3"
1,36,"Male","Moderate","Yes",59.5,145,123,85,9.3,14.3,55.35,55.1,123,123,80,78
2,49,"Male","Moderate","Yes",77.6,166,122,92,8.5,12.8,77.23,76.76,122,121,87,84
3,56,"Male","Low","No",75,145,136,92,6.8,15,74.65,74.3,135,134,83,73
4,61,"Female","Low","Yes",62.3,158,127,81,5.5,13,58.04,57.75,125,124,82,80
5,40,"Female","Low","Yes",55.3,150,151,91,4.6,20.5,55.03,54.69,151,153,79,94
6,42,"Female","Moderate","No",54.8,144,128,88,3.3,13.7,50.97,50.85,127,127,81,91
7,44,"Male","Low","Yes",72.7,162,146,88,8.9,19.2,72.31,71.98,145,146,78,71
8,41,"Male","Low","Yes",72.1,147,145,95,9,18.2,71.69,71.29,144,142,74,78
9,46,"Female","Moderate","No",53.7,163,134,83,7.7,13.4,49.91,49.57,134,133,81,80
10,32,"Female","Moderate","No",46.2,167,122,84,5.5,15.7,43.1,42.96,120,119,75,83
11,38,"Male","Low","No",60.3,167,124,84,5.5,12,56.12,55.87,123,123,79,87
12,28,"Female","Low","No",58.4,142,138,80,4.3,10.7,54.3,54.01,136,135,69,83
13,27,"Female","Low","Yes",63.5,151,127,90,7.9,11.6,63.12,62.84,126,125,94,76
14,22,"Male","Moderate","No",78.7,158,145,95,7.3,18.5,78.11,77.63,144,143,92,90
15,44,"Male","Moderate","No",73.4,173,138,95,10,17.7,73.01,72.57,137,137,80,88
16,35,"Female","Moderate","No",57.7,143,126,89,3.3,11.5,53.68,53.37,125,125,101,85
17,41,"Male","Moderate","Yes",61.7,156,122,84,3.7,15.6,57.45,57.22,122,120,80,80
18,43,"Female","Moderate","No",68.6,166,128,89,7.5,13.5,63.64,63.34,127,126,96,88
19,50,"Female","Moderate","No",68.6,158,135,89,7.1,11.7,63.81,63.45,134,133,84,81
20,48,"Female","High","Yes",59.1,148,117,81,7.3,15.1,54.94,52.19,115,113,87,80
21,45,"Male","Low","Yes",74.1,153,147,99,6.6,19.4,73.74,73.48,147,146,85,76
22,45,"Male","Low","No",61,145,135,89,8.5,12.5,56.82,56.54,135,134,78,84
23,50,"Female","Low","Yes",56.5,157,139,99,5.6,16,56.27,55.97,138,137,77,98
24,25,"Female","Low","No",56,146,152,84,8.4,32,55.76,55.63,151,150,85,86
25,42,"Female","Low","No",55,160,126,88,6,17.3,51.1,50.8,126,126,91,74
26,52,"Male","High","Yes",64.3,157,121,78,8,11.9,59.8,56.79,119,117,90,86
27,42,"Male","Moderate","No",76.9,159,132,91,8.7,13.3,76.36,76.01,131,130,81,76
28,56,"Female","Low","No",59,141,139,88,7.1,17.8,54.9,54.57,138,137,77,68
29,46,"Male","Low","No",75.9,166,137,95,7.4,15.4,75.44,75.12,136,135,86,78
30,39,"Male","Moderate","Yes",78.4,159,144,91,8.3,14.3,78.07,77.7,144,141,77,87
31,54,"Male","Moderate","Yes",51.9,146,135,87,9.8,15.2,48.24,47.96,134,134,91,74
32,52,"Female","Low","No",56.7,162,141,95,7.1,14.7,56.5,56.36,141,141,83,91
33,60,"Male","Moderate","No",60.1,172,130,89,3.9,15.5,55.86,55.61,130,130,92,89
34,46,"Male","Low","No",56,147,131,87,7.3,11.7,52.09,51.79,129,129,85,83
35,47,"Male","Moderate","Yes",75.1,162,144,91,10.2,10.5,74.64,74.28,144,143,88,74
36,34,"Female","Moderate","No",62.9,142,129,82,5.5,8.8,58.45,58.24,129,128,85,77
37,64,"Female","Low","No",57.3,157,126,84,4.3,12.4,53.37,53.02,125,125,90,69
38,21,"Male","Low","No",61.9,143,127,77,7.7,14,57.7,57.47,125,125,97,70
39,46,"Male","Low","No",60.4,158,136,77,8,16.1,56.22,55.94,135,135,70,81
40,28,"Male","Moderate","No",54.4,158,123,88,4.2,15,50.56,50.31,122,120,88,80
41,36,"Male","Low","Yes",57.8,153,124,83,5.9,14.3,53.68,53.28,123,124,87,78
42,40,"Male","Low","Yes",42.8,146,121,86,6.6,13.1,39.79,39.62,121,121,87,76
43,42,"Female","Moderate","No",58.4,156,127,81,6,16.7,54.38,54.01,126,124,68,73
44,37,"Female","Moderate","No",58.5,171,131,82,6.6,11,54.35,54.14,130,129,78,81
45,57,"Female","Low","Yes",57.9,160,134,95,7.8,12.7,57.57,57.33,135,134,74,80
46,33,"Male","High","Yes",60.8,157,124,88,7.8,10.5,56.6,53.74,123,120,79,74
47,48,"Male","Low","No",51.8,158,139,89,6.9,15.4,48.2,47.93,138,137,81,78
48,41,"Female","High","No",68,145,128,81,6.1,12.4,63.25,60.1,127,124,74,86
49,46,"Male","Low","Yes",76.6,176,127,91,9.4,12.9,76.13,75.61,126,127,76,82
50,48,"Female","Moderate","No",52.9,149,132,80,6.5,16.7,49.25,49.11,132,131,84,80
51,29,"Male","Low","No",75.5,170,143,82,7.7,16.6,75.12,74.67,143,144,96,71
52,32,"Male","Low","No",58.9,176,128,76,2.4,13.9,54.84,54.69,127,125,75,88
53,50,"Male","Moderate","No",57.9,163,130,83,7.2,14.3,53.95,53.68,129,127,94,79
54,37,"Female","Low","Yes",63.2,145,144,94,9.4,10.9,62.94,62.59,143,141,66,88
55,41,"Female","Moderate","No",61.3,148,124,77,6.6,15.1,56.96,56.63,124,123,81,74
56,41,"Female","Low","No",53.4,153,141,87,11,18.5,53.13,52.96,141,140,80,76
57,47,"Female","Moderate","Yes",52.5,149,137,84,5.3,15.9,48.72,48.41,136,134,76,82
58,36,"Female","Low","No",66,159,135,80,9.5,12.8,61.44,61.14,134,133,85,84
59,27,"Female","High","Yes",60.5,162,121,89,5,10.9,56.26,53.41,120,118,89,74
60,44,"Female","Low","Yes",58.7,143,140,92,10.4,14.5,58.54,58.32,139,139,76,79
61,30,"Female","Low","No",58.6,163,142,99,8.1,16.5,58.28,58.04,142,142,84,83
62,46,"Male","Moderate","No",54.6,142,128,90,7.5,16,50.87,50.6,127,127,86,79
63,42,"Female","Low","Yes",69.4,156,146,87,6.5,19.3,68.92,68.5,144,145,70,92
64,31,"Female","Low","Yes",57.1,164,152,91,8.8,38,56.77,56.43,152,152,81,88
65,37,"Female","Low","Yes",51,170,144,87,10.8,18,50.83,50.61,144,143,76,93
66,42,"Male","High","Yes",63.7,142,142,89,8.6,13.8,60.64,57.62,141,138,76,88
67,45,"Male","Low","No",49.4,144,132,74,9.2,12.7,45.92,45.73,133,132,87,77
68,33,"Male","Moderate","No",59.5,152,137,89,7.7,15.2,55.3,55.01,137,136,89,74
69,47,"Female","Low","No",69.6,155,126,86,7.6,14.2,64.72,64.42,124,122,87,81
70,46,"Male","Low","No",78.9,162,133,94,8.2,13.1,78.54,78.11,133,133,77,82
71,40,"Female","Moderate","No",61.9,157,128,80,8.6,13.7,57.63,57.35,128,126,79,86
72,40,"Female","Moderate","Yes",55.8,144,141,87,5.5,16,55.44,55.08,140,140,86,83
73,37,"Female","Moderate","No",59.6,155,126,82,6.7,13.8,55.22,55,126,125,85,88
74,54,"Female","Low","No",53.2,151,119,82,5.9,14.6,49.5,49.18,119,118,91,70
75,36,"Male","High","No",62.3,158,125,82,9.5,17.9,58.03,55.11,124,121,80,79
76,45,"Female","Moderate","No",59.2,145,130,84,7.3,13.4,54.96,54.64,131,131,89,85
77,56,"Female","High","No",55.2,150,131,82,5.3,11.3,51.29,48.74,130,128,85,82
78,49,"Male","Moderate","Yes",78.6,157,140,90,9.2,14.5,78.21,77.87,140,139,85,82
79,53,"Female","Moderate","No",58.9,148,123,78,3,15.7,54.83,54.48,122,122,72,93
80,37,"Female","High","No",61.3,152,120,88,7.1,14.5,57.03,54.12,119,116,72,85
81,56,"Male","Low","Yes",55.3,160,127,82,8.5,12.2,51.41,51.21,126,125,74,83
82,40,"Female","Low","No",58.1,144,126,90,4.8,12.3,53.99,53.67,125,125,77,87
83,34,"Male","High","Yes",57,170,119,87,4.7,12.7,52.98,50.28,118,116,85,79
84,39,"Male","Low","Yes",77.2,150,140,99,7.2,11.7,76.79,76.43,138,138,88,78
85,61,"Male","Low","Yes",56.5,168,121,77,5.3,14.2,52.61,52.26,120,121,74,83
86,45,"Female","Moderate","No",48.4,163,134,83,3.1,11.2,45,44.82,134,133,70,80
87,49,"Male","High","No",55.9,154,133,80,3.4,12.1,51.95,49.38,131,129,92,82
88,52,"Female","High","No",50.5,145,131,83,6.6,9.1,46.97,44.56,129,127,84,79
89,49,"Male","Moderate","No",50.8,163,129,89,8.1,12.4,47.25,46.96,128,127,84,72
90,42,"Male","Moderate","No",63.2,156,128,83,9.5,14.6,58.76,58.56,128,128,81,67
91,42,"Male","Low","No",82,159,140,98,7,17.6,81.54,81.07,140,139,85,82
92,42,"Male","Low","Yes",60.8,142,139,88,8,32,56.54,56.27,140,140,82,81
93,39,"Male","Moderate","Yes",74.1,171,143,89,6.9,12.9,73.78,73.39,143,142,93,75
94,41,"Female","High","No",57.4,155,129,84,7.1,12.7,53.34,50.57,127,125,81,85
95,37,"Female","Moderate","No",53.1,162,126,88,8.7,14,49.54,49.27,126,126,94,84
96,58,"Female","Low","No",59.7,165,133,88,4.4,14.5,55.54,55.2,133,132,94,78
97,50,"Female","Low","No",58.9,142,136,98,5.3,19.6,58.67,58.42,136,136,89,76
98,32,"Male","Moderate","Yes",76.7,150,128,90,6.4,10.6,76.25,75.9,128,126,81,73
99,32,"Male","Moderate","No",53.4,152,134,84,10.4,13.8,49.73,49.59,133,132,80,82
100,52,"Male","Low","Yes",49.8,154,132,83,9.3,17.4,46.31,46.05,132,130,100,88
101,52,"Male","Moderate","Yes",69.4,148,140,98,8.4,14,69.14,68.71,138,138,95,85
102,43,"Male","Low","No",79.5,143,137,96,7.4,11.9,79.01,78.6,137,136,86,71
103,47,"Female","Low","No",64.2,170,140,90,10.6,14.8,64.04,63.61,139,138,76,87
104,42,"Male","Moderate","No",59.3,164,135,78,6.7,11.9,55.18,54.86,134,133,83,89
105,41,"Male","Moderate","Yes",55,168,127,80,6.4,14.1,51.13,50.97,125,126,78,94
106,58,"Male","Low","Yes",61,145,128,80,4.5,14.8,56.74,56.61,127,127,102,80
107,46,"Male","Moderate","Yes",54.5,161,128,78,8.9,13.4,50.61,50.42,128,128,86,87
108,64,"Female","Low","Yes",59.6,148,143,91,6.6,10.8,59.21,58.88,142,139,71,91
109,43,"Male","Moderate","No",61.7,157,133,80,5.2,11.7,57.45,57.15,133,134,76,80
110,43,"Male","Low","No",57.2,158,119,81,8.2,11.7,53.16,52.91,119,118,82,73
111,49,"Male","Moderate","No",44.3,162,126,72,6.5,17.7,41.22,40.96,125,125,95,88
112,40,"Female","Moderate","Yes",59.8,142,132,91,5.6,13.1,59.61,59.24,131,131,75,85
113,56,"Female","Low","Yes",55.7,159,133,94,6.1,12.5,55.5,55.27,132,130,81,83
114,49,"Male","Moderate","Yes",59.1,158,131,86,8.3,14.2,54.93,54.7,131,130,69,76
115,36,"Female","Low","No",54.1,153,126,79,5.6,13.2,50.31,50.06,125,124,86,78
116,40,"Male","Low","Yes",72.7,163,140,100,8.8,12.6,72.36,72.05,139,138,74,76
117,42,"Female","Moderate","No",52.3,150,136,89,5.1,14.8,48.65,48.5,137,136,70,87
118,58,"Male","Moderate","Yes",73.2,157,135,92,8.3,15.8,72.96,72.6,134,133,62,71
119,40,"Male","High","No",59.8,155,128,80,5.3,11.7,55.66,52.84,126,124,83,90
120,24,"Female","Low","Yes",54.3,164,141,91,7.4,20.5,54.02,53.86,140,140,91,81
121,25,"Male","Moderate","No",42.6,165,139,84,5.3,9.6,39.59,39.43,139,139,76,82
122,33,"Male","Low","Yes",78.3,151,135,95,7.7,13.8,77.98,77.54,134,133,96,91
123,42,"Male","Low","Yes",56.4,148,137,89,8.2,38,52.46,52.14,136,135,81,69
124,51,"Female","Moderate","Yes",56.1,148,132,95,8.3,13.1,55.83,55.57,131,130,92,86
125,36,"Male","High","No",53.7,160,114,77,6.6,15,49.96,47.45,113,111,85,80
126,39,"Male","Low","No",56.5,154,121,71,6.9,15.7,52.56,52.26,121,119,79,85
127,44,"Female","Low","No",53,166,122,84,6.4,19.2,49.24,48.86,120,119,74,85
128,35,"Female","Low","Yes",59.9,168,121,92,9.6,10.5,59.6,59.32,120,119,86,80
129,36,"Female","Moderate","No",62.5,162,142,99,5.3,11.6,62.21,61.85,141,140,77,68
130,39,"Male","Moderate","No",56.9,155,133,79,9,14.3,52.91,52.66,133,131,88,74
131,35,"Female","High","No",53.9,163,133,87,6.4,14.2,50.19,47.58,132,129,80,86
132,38,"Female","Moderate","No",67.5,156,142,92,7.9,42,67.1,66.72,143,143,83,83
133,47,"Female","Moderate","No",62.7,140,129,81,7.3,12.7,58.34,58.09,128,128,75,76
134,33,"Male","Low","Yes",67.3,140,129,77,6.8,16.5,62.57,62.21,128,128,78,78
135,47,"Female","Low","Yes",65.4,168,141,90,5.8,14.3,65.18,64.88,140,139,91,73
136,37,"Male","Low","No",59.1,154,129,87,8.3,17.8,54.97,54.7,130,130,76,82
137,42,"Male","Low","No",51.7,146,139,83,8.3,13.7,48.11,47.78,139,138,76,76
138,37,"Male","Low","No",69.3,151,148,87,8.2,19.6,68.91,68.73,148,147,84,84
139,34,"Male","Low","No",59,160,121,73,4.3,13.7,54.88,54.64,120,119,66,79
140,56,"Male","Low","No",60.6,154,133,90,6.8,14.2,56.31,56.08,133,133,88,81
141,34,"Male","Low","Yes",57.1,171,131,87,6.3,19.3,53.12,52.85,132,130,82,82
142,36,"Male","High","Yes",52.3,143,128,88,6.1,12.3,48.64,46.21,126,124,90,76
143,38,"Female","Low","Yes",65,155,144,95,7.5,10.8,64.71,64.38,144,144,72,80
144,46,"Female","Moderate","No",57,168,134,90,5.8,15.1,53.08,52.83,132,132,78,75
145,31,"Female","Moderate","No",55.4,158,123,87,6.9,15.7,51.52,51.25,124,122,89,74
146,31,"Female","Moderate","No",54,171,126,74,3.8,16.4,50.3,50.02,125,126,76,92
147,61,"Female","High","No",54.5,151,120,81,6.5,12.2,50.69,48.21,119,116,83,83
148,29,"Male","Moderate","No",73.3,155,138,91,9.1,16.4,73.02,72.65,138,138,81,84
149,28,"Male","Moderate","Yes",59.9,170,135,83,6.6,17.1,55.73,55.4,134,133,84,73
150,33,"Male","Low","Yes",72,159,127,96,7.2,19.4,71.64,71.25,127,127,81,89
151,44,"Male","Moderate","Yes",60.5,146,124,82,7.8,16.5,56.23,55.98,123,121,77,94
152,43,"Male","Low","Yes",55.7,165,134,90,10.2,18.2,51.84,51.62,133,132,80,79
153,31,"Male","Low","Yes",62,161,121,80,5.7,16.4,57.65,57.35,121,121,80,87
